"wallet,""total_points"""
"0x58b919073b48bae5d479a8a06cd963e103b1f37a,""10710"""
"0x58bacfda5cf8c3940f0f6ff6071464c85e8571e9,""163"""
"0x58c12dc58b3e3a213c3592e8f0c86b15e4c2355e,""43"""
"0x58d7762f8062441d415f7d240ac595cf415f7756,""103"""
"0x58d91cdd1a661de2caed1aa6a40cbdbbbaaea6a1,""43"""
"0x58da84da287a0184d4053a6a1382af281ede2307,""43"""
"0x58de59a1f2f7f386fa8f30de60957ff8f1e65227,""9089"""
"0x58e25f90607f12a145873251428d44252860235f,""14803"""
"0x58e38cad903eb8afb959b43e984b0f485fc51a14,""163"""
"0x58eb5d76db6e3e3b669f101b660cf3754af38c79,""263"""
"0x59070a7f7ac9f67c53804d2c08ef2ae680b5146b,""740"""
"0x5912dc2cced00bd3c4842814d75c2985eae63c31,""306"""
"0x593279669eb030dc1d4119d33ecbd79fda502907,""1669"""
"0x5937bf323ae1414610747b1d3234fd2b935a3d3b,""43"""
"0x5946c5cb4689af428c49d08d5e96606a7090e3bd,""834"""
"0x594eab95d5683851e0ebffc457c07dc217bf4830,""43"""
"0x5951fd84c5984e01015f73a7d2dafda4024d8b17,""66"""
"0x597ed931e40d17283954c7dda2f7aa31fe1c76c8,""43"""
"0x597f31cd8622ca08eb60d1969533208847dfa7b9,""11391"""
"0x59801214e003dba7c5180d5242c389dded543814,""6345"""
"0x5998aa2227b13afe75709cfa8dee0671e3cb11f6,""17842"""
"0x599a14b120c1177621e544e469b7e9ed499acd1e,""66"""
"0x59a0513e7ee60a24bcf59397b707c6e88bc75a52,""243"""
"0x59a761949784573fdc0f812da92d39c55cdf0b7f,""43"""
"0x59c4a0db3eb175f3082d74a555faaa5683a48490,""43"""
"0x59cb3829b42a209ac34d47cd6f691c0823c26d03,""283"""
"0x59d0caedf1c44f4344a62973c2a64cbb230fa28b,""283"""
"0x59f0ba177fe7fea67f810da8a36b5a489d4f63c8,""43"""
0x59f9f169221861cb2ef53c205b4245b8871b9970,NULL
"0x59fbc53197068300f93d36b8f93881ae85180c8a,""20731"""
"0x5a077d2dd86d71f4d4cba4213ff14f04307936d1,""12783"""
"0x5a1085dac4e372e326ce0784617700c73f6567a4,""1039"""
"0x5a164966316c84c4f56f28153407941a79b32652,""43"""
"0x5a1892b8d2b454378c461f4941bdb01d4a931aa6,""43"""
"0x5a1b7b3d37ea0b98f17d842599866f44830c8e27,""43"""
"0x5a24a1197ea8819adfe27702800adf669e57e57e,""163"""
"0x5a2a2c555f5662625e3ff4f4c8611c98875b601b,""163"""
"0x5a3801545b21c0a713a07220182b6e4265a0a159,""246"""
"0x5a3d2add59e653ffbea338423f0da7d1b9fe9422,""7189"""
"0x5a53a269f9d6f827d079f0cd5e5132bc903f30ed,""1101"""
"0x5a6321c38809ed2da15d8474a7101e64ef84d43f,""143"""
"0x5a6aebfcb60463d647424fddad4ec9961d3126d0,""163"""
"0x5a800f6b235f5946f0920cf187f328cc84bae40c,""17703"""
"0x5ac38174326f93a4492bee193e00001858f91eaf,""209"""
"0x5ad5c5d10864175bdbb44e8a37262d79868baaca,""15323"""
"0x5ada81d35a29706c548b019a7eea62091c9f6bf8,""43"""
"0x5adc21ac78fc693d8db9a14dafb7587a439ee53f,""929"""
"0x5adc82b4ecd2f5a52023e6bd6911fdbf9bed9f4e,""3169"""
"0x5adde2178da3a9949c3f16ccc534ae3ea5eb7df8,""43"""
"0x5af6f8831a7b8372ad3cb7db7586791efc92a366,""283"""
"0x5afa2d6fc6a0daa41e1e6fbbe7f83604a9fa0101,""263"""
"0x5b02ece8457d57ab86b70b041851c67f48895877,""349"""
"0x5b03c669a1c079ffbc209020fb45bd55d5762a09,""163"""
"0x5b080ee23836dcdff6e2146e2311c950a18a9afe,""183"""
0x5b26ca8acc29e45bff9f356174d12137041c09dd,NULL
"0x5b3c049f24cb2bfd7ebc10a430b88eb7327c09c6,""43"""
"0x5b3c204e21b5c22a1c98f19d628d163b93e6d168,""16723"""
"0x5b3f070c8687828cc59804670c06afe7fd9127f0,""18243"""
"0x5b456ca49ce896ab34f09b3dc4f14d888272f6dd,""43"""
"0x5b48c2980e2a050249e875575c2fee8e85265fac,""699"""
"0x5b4e4de293a2fe705db45538eb2912f549a74643,""1138"""
"0x5b55ee1c060790649af6d6f2159844edea730291,""43"""
"0x5b586aae4c3b8df7e237f3f44e6156c768ac1223,""22063"""
"0x5b5d945e56fc0be85a4d284711004c80a82a864d,""682"""
"0x5b6112100bccef644910821cab85389b79fc9763,""1109"""
"0x5b6122ea224451d74e8bec8d2f7cd62d61dc3e30,""66"""
"0x5b7280c23bf94a0e60b1a70257c109db41f3c656,""855"""
"0x5b7a08a13e5874e9b139e18f951dcf099ac97bc8,""43"""
"0x5b9b53495985d096ded967024c112994bcb77bbd,""43"""
"0x5b9b7d5da6fbc9d8af21eda39a072cfb73654405,""43"""
"0x5bafe6932f6298c35eb30ba9174efd2af70add4e,""43"""
"0x5bb44d8b65047d284d6d8dc6bd86a96129b6d32b,""43"""
"0x5bc649f601270ee2985287ac6f325e7f2e3566e1,""13763"""
"0x5bed8646669ee78704d1a2a5fcce022e6d35ccdf,""43"""
"0x5bef23cc42542fe37c0a33bfdfcff17a85954104,""13283"""
"0x5bff0b8ae931f74b7687915513ca256420982584,""1368"""
"0x5c03a5fda3076a97b90ed4ff4497cf655e2ba4e0,""4506"""
"0x5c10e9d09033b0bdaa6a875182ad684f19d89f2b,""43"""
"0x5c10ffd8a013de42e0244522a92cc51c94ad5c44,""855"""
"0x5c323b0e80b10aafaa907216496d4f1022256e50,""1166"""
"0x5c36c63b157bb0106be9cd70c565eaf72de47f58,""14303"""
"0x5c3843a598e828f3f6b0e2f18d7087dbeaba1045,""1109"""
"0x5c3848e10bf42e7bbd620224dc64ffb1980ad72a,""163"""
"0x5c57e4859709812fb639a83c2c344ac478e9490b,""679"""
"0x5c719e27296d06ee2030d6f3dc0dd7b651e99bb0,""1403"""
"0x5c7304a3621cbcb9298829f982c5e8751a9a5b37,""16203"""
"0x5c9098a45277a04b0a8458e9172c889a8ee6b6b1,""17903"""
"0x5c9bdb6a2c2f1dcf6b87194df2ad36beea751654,""43"""
"0x5c9ded3d9be3fa7373791e2d9538b40d29c8ba86,""17863"""
"0x5c9ea602b7d95ec22cc4fd920580f1d50e389807,""23378"""
"0x5caba6334fa2e01250d5e673fd55d262ce478ccc,""43"""
"0x5ce5f6cfc19fea23e6d3b358e7a7a121fea07d8c,""6678"""
"0x5cef1e890c75e9273cb93075b477bf2064099a78,""163"""
"0x5cffbdbf3197f364fea72520a16315318aa27cff,""43"""
"0x5d123647ce6489c7e9078b23a8d7f8e9b2233412,""63"""
"0x5d218837365d60c2f473437c5a76bfa103d89536,""43"""
"0x5d292817e38dcc8cfe0204ce1818b8bac95e3ff2,""206"""
"0x5d31c5bc6c72590962db1eadceb1ab18c3efe10a,""43"""
"0x5d5429b604acea8b7b9624947d5a526b6a5a9b65,""17623"""
"0x5d59b90ea3cacd56c62de3ec8b6d19a45a4d37b6,""11251"""
"0x5d6a4fc21ca06968d4250ff17755eb912921757e,""43"""
"0x5d6b0f18d925857fce805ebc78e2a77c6ccdeea1,""18623"""
0x5d6ed18f8ac658703298d612e78f3ffa344f81b9,NULL
"0x5d75dbbe2c24826c88b5272da9eb6c1a3f9b63fe,""568"""
"0x5d8422b1a9dbf9440dee7578cff381c378d562bf,""18279"""
"0x5d877482f30d16f38d23285c89779bb5f1054f94,""295"""
"0x5d8c724b12f7ea6f87b62dbe5ce80680a28684ff,""34996"""
"0x5d967d5b599a0f404dd54745dc7ad3ac6b003297,""1058"""
"0x5dbaf43ad42bf970585af89576b59aeb03615d7a,""13983"""
"0x5dc896c54fa4111c0759fa22b04e84d6b038dc83,""13883"""
"0x5dd2f74dd725430ebd805fe3888904853be5f534,""143"""
"0x5ddd5da82dfca527b8b515ad50248ad17d12509f,""163"""
"0x5dee8a79bc426c5f54534b3ad4f7b17d1451b968,""215"""
"0x5e2efed15a1becb76cca51b7336dd8dc1edc314d,""556"""
"0x5e3eaa1b12c313d2414b1ca56c9f88ff5f3465ab,""163"""
"0x5e40a95838cc92186b8bce0fd405d12ce56aa222,""43"""
"0x5e45ac33ab211162cfc2b99a5de49e5d3eb0a739,""63"""
"0x5e46def92ad88c545194ce9cc23b023702ec4b6a,""20791"""
"0x5e476e59db048b79cf8572d637f3370be9b44d0b,""11120"""
"0x5e5584bb1bf79a3378349c86a67d3a1865276050,""163"""
"0x5e586491215915328309ba1d74e1e286bd13f920,""323"""
"0x5e6c7bc8a9502fb0425e8bd96c7aa4f7fcad6793,""430"""
"0x5e71d8f616629980253a6c77073e826d56fe2e80,""89"""
"0x5e75d3868273fcd05baf1a9c089c9b655f56e4dc,""507"""
"0x5e7a897b14c9dc68ace5dcb3801058aea7c08f61,""570"""
"0x5e84b6da164a0925e90349bac0ea2c301fe89aff,""223"""
0x5e95fbe4d516cB14645b7b023bAb9a7C4F85398A,NULL
"0x5e9654699ea2312c3645f9a84354e11fdabe2a93,""1166"""
"0x5e9a3cbcef1b267414da8890c65a5a1c79b4da23,""6209"""
0x5eb51bb5eed829f88a999f58bb970097eef962af,NULL
"0x5eb72eb72ed1d2def4454e7414ee77d86fd9ebd6,""43"""
"0x5ec9e5131287e790cdf7468ded5000ed1ffec508,""43"""
"0x5ed85140654f5cfe3eb91c6df941cad687c8773d,""20083"""
"0x5ee0a389a71d9d675e6b68c184b455a804ea1258,""287636"""
"0x5ee6bb6d78916b21afab84449ebecf10076f9d3d,""243"""
"0x5eee5cf6a0021b04ef56eb36b0751c261343bf7d,""43"""
"0x5ef2f731d51f67c2f0769a8611522c026ee1fb46,""14583"""
"0x5f031dd1d0560d93913ee0db449728c8d6fe69e6,""1607"""
"0x5f120390620c4a99ece5f0be9a452767a4f61a6f,""163"""
"0x5f21e44dae5e91bc4ccee43e00264e2eb8291a6e,""14663"""
"0x5f2e754435efdb0a93a505acd10504588490b54d,""409"""
"0x5f2f034fb0c86781834dfbb2693ff9e60cefe93b,""309"""
"0x5f3135b081a007306baba25bfc0e90646f790f95,""43"""
"0x5f3b0d157b0a6e28d867e6a9770a5153d9295b28,""106"""
"0x5f3d78f6ad609f93c2d3ee5fd320921be25feb16,""143"""
"0x5f3e71a06212112b013d49f9217e57d117766fd5,""112"""
"0x5f3f551390fd78ba31b1319760a2905eab26da15,""1166"""
"0x5f44d4ebbbdd1c95ae7c638185202657e27cce7f,""846"""
"0x5f48130fa19818dbd68418b9475f7e1af05005f8,""3229"""
"0x5f4c16e52a85fd85cc34281d537d8409cecb2238,""12783"""
"0x5f5361ea0d2a0d47be05ecf4e6b0102b457a5fcb,""463"""
"0x5f54a6bdac2007cc26e6f4187332e7d1887299de,""43"""
"0x5f6af472df4d9db930ef8a7e41fab983cddba1f8,""372"""
0x5f6c51499c488338e862479a224eaed4e788f437,NULL
"0x5f742c8d734fefbdb1a1e279f4245b06699fc979,""779"""
"0x5f7c037e1613ed45954a47bcca17ebc4129aa205,""21163"""
0x5f7e0b0ffe61d64cbe16943e7629f7e91387f1e2,NULL
"0x5f84ae11806fb358aa9238f50e01c10975d6d8b7,""83"""
"0x5f8b6beb8f6007623e9929b7384793c2d277bd6e,""883"""
"0x5f976e55d68072763a0a13a19b873284dbcc1bc2,""765"""
0x5f9FD1D7E7109b707118334c99FBfceC2B71F2A0,NULL
"0x5fbea44b6bc57957e430d53e23b1e4147922d427,""143"""
"0x5fc78907e8b97feafdf5541efb60afebaa5c054c,""1704"""
"0x5fe90ccc8baa2d4b24df11ad6ad11f96aa8be5ec,""18803"""
"0x5ff4b92eaf5ea5aeda5d5fb14fcc8e74268da3dd,""938"""
"0x5fffd6b7f9aaa08e82e8de7aa6f3ea5c8fa38f30,""1143"""
"0x60025d943188e9f9858750d5089d635db400017e,""66"""
"0x6008396a86292c73bf1f78c7e19188bee9c4e660,""163"""
"0x6016d0b84d6f100cda6fe895b6e882c213b1a9d6,""386"""
0x601cac9DfFe6752832715Ee1eC9069C268d5E6Cc,NULL
"0x601cb7712f86a279d0fbd5f6bad26407ddea1c26,""43"""
"0x603f9f25ea89f465e36e2e9a9eb13289f0e7dae8,""43"""
"0x60415c4290e2c822104852050380c4d490db1f27,""18723"""
"0x60416c55f98e1dbb452551f0c30b4fe6ffa196c4,""43"""
"0x604c2a9c20341183c8ee2f5fb38081234ae4cc50,""14723"""
"0x604c781483bcb3084f220dca05818042fb84df85,""303"""
"0x6073ab4368b65a1dae482cbb5d150461cd520cdd,""19383"""
"0x6083e829302c7f8333af088bb1cf318f4ca69d13,""43"""
0x6085904d52D172F070612Ff9C157c35E77d45223,NULL
"0x608882e3dbab21f86d8091c55ab2163821e339ee,""18723"""
"0x60a1c825f0aff98ce0c53af600af4db1c5cd9b0c,""43"""
"0x60c3865e8d3c1ddc0dfa12be13b1cf35febfe155,""15143"""
"0x60c8d2fac58caa793a25630fceca4c04124d7071,""29815"""
"0x60e1ecbd9b0a1828d2993b120a124a8d59071c66,""513"""
"0x60e4325db0b8633a39ba8aa5b2100455c2a31a19,""17323"""
"0x60f30f3d89bc092be39a2562babf35c206099d96,""43"""
"0x60fc14a8614a32f3c6b58ae65afeadb3ea9a7084,""9485"""
"0x610f540d6207f4c4cbfab5c9bb47b6703aa48dde,""809"""
"0x611f1615fb6b8790bc9283143e1279c22362bc57,""1743"""
"0x612a52b5800695c1d59820390e1e038329510b0f,""283"""
"0x6139b6f08fc6c5b3af8955551aecaab0c342d791,""989"""
"0x613ddc8f2d809693da5aa561914bc3d6db7db517,""243"""
"0x614532b19dad7985ac424a75e3ef8a74bbae1e7c,""14843"""
"0x614cc604cfbe6998656f393cc08d57d85f055287,""43"""
"0x61677e7d24171f2f178bd7e2e9f077c99e33012a,""40"""
"0x6184ddc691ccfae3ad42174c56520b932231e082,""79206"""
"0x618743cf4682be362fba39bed7bda5b0b91b09db,""324"""
"0x619f81e15f3de7fbae527000113c785aba8ca0ba,""20671"""
"0x61ac2b97e0ac6fa63e4fe59641d5d18befe14f4a,""112"""
"0x61b5de3f40b354ea108b28affcbeeddf971c4628,""16863"""
"0x61b7aeb9a078f2f27fe3b80cac68ae5d5cd17c30,""406"""
"0x61cb8b48a8c90777ff5336459b93ea9700e8b97d,""43"""
"0x61d72fd12c0662516dfee6ed9d318cf30768a048,""43"""
"0x61e0432a2adb2db987cc584dfa0636fd231540ce,""298"""
"0x61e7ccea871f91a466088a9a880f817e3bbe5169,""630"""
"0x61eafbe2c0a84aeb6a925b06fcf343f9dcb538cf,""43"""
"0x61f0e188fc0d924fae369b9d0ee6eeff6a985fa3,""826"""
"0x61fd11cd5a2804205f531cb5ac44233cea4321ee,""43"""
"0x6209f4371f81de684989074d29de05c7cfc201c6,""12723"""
"0x623cdf1cfbf5efff9fa947a58af371eba801365d,""581"""
"0x624b2f9c514c6f693087ac2322bf5672c72c0b78,""402"""
"0x625172d1edf75d2972e42fb6a3c59f177240dddf,""7613"""
"0x62545a3bf0f1ae22e9c32c6d9a95772a07835572,""209"""
"0x6257c85aa90a5aeb0fac3ea0fcfe994231012f23,""13983"""
"0x6273d569eb56bdb02df93117f7c43066dda179cd,""17543"""
"0x629eac648932d9fa079aa49bcb5cbd1253f9ab79,""570"""
"0x62aa7cb57d9d754a636117d3a68d7e9d205b9c75,""83"""
"0x62acaf1a68690e48787da76b3427a96d8e567699,""25945"""
"0x62acbf3c6cb4b1641d07f7e6207ae7ed405afeda,""43"""
"0x62ae28f1d2881529c8fa610c60a98abd125cf720,""43"""
"0x62b1171bf8a562ae503ec6db45ae813af75c9c17,""66"""
"0x62c256c474562879a61f439b3b95d6cf3d37f696,""186"""
"0x62c33dfc0b921dbe3193d2fb64d7abd3c3d241b4,""43"""
"0x62c6c9abd4bda6b7786fe10752797b81a97463a8,""43"""
"0x62df415eda2701cf65b62a195860d31a3f6ccbb9,""590"""
"0x6304cf7c429cdfea96dcd218fb91a7ea38dd05f6,""2540"""
"0x630ce5d4d6819ecb8f90f204e69a3cd1ea761225,""43"""
"0x630d5510d21d39db1baaf34a8948ffcec541da9c,""263"""
0x632264AC349a84d80f909167722777C3Db0f8Da5,NULL
"0x6325614dac8159daf80af695af03930734fd525d,""283"""
"0x63280a41ac0569c3522b7306827dc233c13088b9,""301"""
"0x63284839c3816d6f1507f2208cf8ac6f442c9164,""263"""
"0x635919a7cbf38ce6042bf64cc7e70af10144e408,""16303"""
"0x635ea86d619fbeaa5c9bad9ab35d9bd40d2c7843,""43"""
"0x63620a9b336329b5d694b8f9ff3fe2ffd6bb5d64,""43"""
"0x63652524f2b4083a36a8c28ae683ad1ae6195ae0,""1059"""
"0x636cd993c57efe6c1343adf2b5f092bc041c1404,""47379"""
"0x63712ed38e3a19130b0b3a4243ddd18da487b7d3,""66"""
"0x637915b868bdba7b6f5a2b214c54e06f38ee172f,""249"""
"0x6379eca28a50a384d20baeef8bc9c6bd60eee9b2,""33503"""
"0x63818c21db876b61e266cbb313c49fa597f6645c,""143"""
"0x638f2ce6d77a756586be837ca31f8acf91cced45,""43"""
"0x6399a274d3ba7d71daae889f41070dc916535dac,""38945"""
"0x63a04910e8d6a61b1b6ab8d68ea13050fa15d049,""183"""
"0x63a2388d4de20b0ef4b8f3586a74ec0444ca848e,""66"""
0x63a636b160eb55dd262433Db7e8430C1DA070Db5,NULL
"0x63adbe5bc98a40015c85525d97778d778f60454b,""43"""
"0x63af3f08776460f59cacc22bed108156a77a6234,""18223"""
"0x63b38072b0c2ec8e3116cd61754b0861dbb83b18,""43"""
"0x63d9e5574ab9c101f433481ec3aab23eca8e6b2a,""11427"""
"0x63e259ed9c249f466755b2849605a62d77c3f800,""295"""
"0x6408dfbcb9ddd5eeb475cbf83052685024bd3b25,""6523"""
"0x6410136129d0425a2ec867bba778b1cbec5060f3,""43"""
"0x6411f214e431f904ce9d813dfc2a120ed8d1d9e8,""9109"""
"0x641eb3896ba3642ad8dd66caa780add47b487a26,""4249"""
"0x642913b4a4b1d44c1ccc47dcc27c10fa80ba22d1,""783"""
"0x642baec26255df5670a1ce6adfbc63bb52b9bfb9,""26498"""
"0x6433df57030645ce9c188f8273aba1315cf2799f,""43"""
"0x6435ec41358ed4af26c62563d35c046cdad89daa,""16923"""
"0x64390830694866bcce53c381e7a92f0e662aad96,""183"""
"0x643e1c2cd0abe5ec41e89d4b15be85d3e567acb4,""43"""
"0x6440457ded33e912c29e81cee3e40b460d5b24d4,""573"""
"0x644e1e5a6874d6cb979566759a16b8e9bb38bdf9,""702"""
"0x644ef6fbca3dec7b7ae3c987a7a2198c1d19b876,""16143"""
"0x644f9c38f509fbc555f11e3ff71df16dd481a158,""14063"""
"0x645b991916bccffb8cf8493dec242a16fff7ac69,""43"""
"0x6469e44753540c4a6661dd7d94b19bcca0a749ef,""980"""
"0x646ceaf8b0395b1baf1ae07d86b4ff61aa37fc5e,""85"""
"0x6474dd2d8d1f926c94df34a415ba045f37d4ce51,""13371"""
"0x64895bd21225946f9fc3ba767a2c1984e69d1c41,""283"""
"0x648b81265604232906d91989ee3aae2b279dedc7,""43"""
"0x648c54d7972e44174f41261b96a4e207965713b3,""4506"""
"0x649439d8b6fae126fb15493678e1986b1bc2d774,""19363"""
"0x649961626bd2bcdb8882fcfeae53195ede06a43a,""980"""
"0x649f6a2f71f0f2d35cf416e2f73767e6d40c0e7f,""126"""
"0x64a10e0d5c87a5e53be1c7cc839e6ba773fcd93c,""791"""
"0x64a4624f19971f3a7e0f677b98cf02c005df5638,""723"""
"0x64ad38e426314f858347f328e0703aa39be5e5c2,""143"""
"0x64b3aecfadd28fade5f0808114586c4033816c87,""230"""
"0x64cb1fca5a40cc311622dccb16e7859970cae40c,""527"""
"0x64f3f0a050ce4fb9baa6d805033f903635eb6c62,""699"""
"0x64f5fed2962114fef7f8c0142418a1ad39812068,""326"""
"0x65044bd39afafe9d020276b36feae5cbc3a5be23,""15803"""
"0x65045c024e6c2b22560fd0fdaff5b0cd660aaf6e,""883"""
"0x6506bb20bef254c30a3a9eee39fcf986db47d0a5,""15523"""
"0x650e5a6efd0c2abb26865ac9c6dea78fe184423b,""13283"""
"0x651203bfae5b3d7ba215de0c951820905cb449aa,""786"""
0x65144dabfd39f6df8d9fbf63bc4f3dc55aac56e4,NULL
"0x6518e8d1b9b2248e83a69395d168740410caab30,""163"""
"0x6520b45e6a6935bdc20b8580bbd84adb23810029,""43"""
"0x65239d25877281d6ff975a467ba7031aa17ae5c3,""43"""
"0x65274825943d45f3d61cd6ac923a43e58c8aa000,""723"""
"0x6537388ee6a32c857ca389ef109671209a3077be,""43"""
"0x654cbacca9d4a87ea3354f37d3a08f9baf949dfe,""696"""
0x6556d0032c0d0a4151e6169d9eac74a2f1dffb51,NULL
"0x6564664376559939b1da93c8afd06b700270a2ac,""43"""
"0x656d5af75a9d9b78ab5c66803d877fe05ef29288,""43"""
"0x65708782c58731bc265b9a34932c6739bf0e8557,""283"""
"0x6576759b2bc5381306af90edd7f4ec747cd2e480,""143"""
"0x657c4cafb498c58d402b2bb84bcd64a2d8f75c15,""425"""
"0x658c5ff28e8d706f96d7bda486bff5354b3ae0f3,""183"""
"0x65932493b375915265347b5c4a00424956a3c0c8,""323"""
"0x659c57a48a8695d81af0463f6c96aa87a9ed5eb6,""697"""
"0x65b5bdbe7d629be9fdbba3306888b3074ebe4114,""17903"""
"0x65be3c8e4274e7f45568014b416eaf216b8b7a94,""980"""
"0x65dc348a393a2ed7372371c268421a18d2bbec8b,""126"""
"0x65e8f683598ec33847ab327b110bb6b6887d1707,""17763"""
"0x6600d2c17987fcb4ceafba1e81769051a8c68226,""794"""
"0x6617ecb7976c7d6483ec2e878b1e09fbe0040d6b,""3232"""
"0x6619e64d43cf5f1a919189ad75100473571b3e90,""43"""
"0x6620755799ef6ff7458b906c6810dfbae721a0c2,""20"""
"0x662870357bff25a5cccb350b87825c768699764b,""43"""
"0x662af2750e3abf8239b1780a243faea987139396,""263"""
"0x6632c9349ee581160ae357c01d1366e6c1300411,""263"""
"0x664fa8bbbf27f66333b36ae91972879c640ed44b,""43"""
"0x6654cea955601428770286405d018ed214df9b26,""643"""
"0x666e69a5b559b94b35c8095007a6a80b0c7d905f,""469"""
"0x6671c38449506d639d0d9a418f99d6c73b0a8aac,""283"""
"0x6683c582311e6809fd4e8b1bd4cffd6b91012325,""229"""
"0x668ac7b1f1012dd3948ea5f485d0410c745dc963,""43"""
"0x669e1e96a7f0ab8ece8b90e2089bf65eb5a5a4ec,""43"""
"0x66b0cc51a7df87cce97d4f1e85b107dddc138ca5,""43"""
"0x66b35d2752deaba6ab49cd5b711cdae7001e141c,""296"""
"0x66c819b01551c8f42ccce1a4e7ea77a409235d5c,""239"""
"0x66cbc428f8a138502d4798d89e58b3d318bc358f,""43"""
"0x66dcabc3c3ff4ebf3f18350713717374734d9557,""829"""
"0x66e3ddf07bf1f5fb4b93e11c6b573d1bdbad9b00,""15343"""
"0x66eb2eaf8818c7498c68f4615210f10480ddc083,""112"""
"0x66ed9f8b877540d94aa4a6f9f693165892cbfc68,""722"""
"0x6703db47d4ff24c89bc59127bb7fae2ab3a67f1b,""1365"""
"0x6708fcf5da3d75df5b8a9f2844bf4b00dd6a9810,""2901"""
"0x6717f13d802b742c293d940be1aed9049bc0e1b8,""20241"""
"0x672b3a7e8049b1d3b06b8bb7a181f711621c360f,""570"""
"0x672eea00d3e6589ab72f9b503493f0de1f50fe91,""3229"""
"0x6741b0468fd868a0f1558f8f484ca1608466101b,""17563"""
"0x6743a274066fc5c74a4ab99498da1cf95f54591d,""1763"""
"0x67502d5af7b5ec1e5b55497f52c1e9a5f16347fe,""1129"""
"0x675708cc5ab25d1a023137f0b010b8a3cd0a4f86,""43"""
"0x6758fc552c8a788ff83af9a2fc2290d3634173a4,""163"""
"0x6762d88d3d64ec3b454dbf27b4aa1708a0c22cc6,""276"""
"0x6766f2dd681797e65cfa29b29c6b3a0f3b86853d,""1226"""
"0x676aa88db5333c343724dfe328d302656ae733f8,""83"""
"0x676ed805a3a0999e8eafe71d8eee9fe8208ea5b5,""283"""
"0x677c98e07400e7665bcfe7b21c98e9c62ef94682,""43"""
"0x6784bbc678fefef0bb1f4b6bc17bb209066baa30,""852"""
"0x678cfee5fdc1072d784880d98bfd96301261fb78,""63"""
"0x678e04033e827ecf40f8d899c418b02ba89e9813,""243"""
"0x6790b2d9649eac9f4cd92cabfabe3d752db8e7bb,""1663"""
"0x679405e1f3cec06abb74d97ca0a637372f25789c,""263"""
"0x67a9f38de6c55618b930d1a3186b6dda5fdc3ad2,""763"""
"0x67ce21d0ccf3dcb7306bf49e7bb7a9aacd47169c,""166"""
"0x67d0990a49e03394dc53d320c2cb37bc4462449f,""43"""
"0x67ea4971e6b5788eaf128d80ed21b532aa085477,""43"""
"0x67fb694b18a69f29e5ef3375fbe1907858df3f00,""699"""
"0x67fc55f6689ddb0e62f08acd954b7c47d3d0183b,""43"""
"0x6806b74cf784d89b5cf2c666ee82773d75a2839d,""613"""
"0x6806fb74137e0c4c5683a8c01bdbb0ee82355314,""223"""
"0x68070707b9b84eca1421dd6349471fad890f4520,""43"""
"0x680a2a6baae053b20b38e46235aec814cd4cdd94,""43"""
"0x6813eb9362372eef6200f3b1dbc3f819671cba69,""43"""
"0x6825bf339e305dc46cf8de4dd688218066f9b387,""263"""
"0x682e1dc91808e895b7bdab9d22a8e40cd016730e,""143"""
"0x68406b8872e34d02de5ba575bb82e87f6110de76,""109"""
"0x6849923e5f1b5aa04d8d905d2263ae4487bb8f4c,""43"""
"0x684a4d2e26dbf5d58a90c351f3d8937b58ee680b,""263"""
"0x684a505a4e9022318ca0f9ff78602e22ac4cf9a1,""323"""
"0x684ab28ac6a6d407eb051f4a1fdc94276f94b61d,""896"""
"0x684fb70dea34cf71f70a662da1577f83fbebbb7e,""43"""
"0x685a05755d8836a4a9a44b433cbad34a6b9229e1,""43"""
"0x686362e2da84cf660af6f25bd9270d5bcc881cab,""43"""
"0x6870f4d7dacd279a61f9426cd3015b72fb85661c,""43"""
"0x6875c7a135880359d50670942b58b154d01da57b,""103"""
"0x6878fbdb78024fbfe86cc628e485e4eb125d8458,""43"""
0x688935010F6815e3A4cEfC93b50800F644D5d084,NULL
"0x6891ae6410f79ca98432dd68b81257266550e213,""15403"""
"0x68925db462ea58efd7da8d118a0bf04ff72c7dfd,""636"""
"0x68943fa5717a022676acb018037602b12ad16edb,""1220"""
"0x68968a8f5dd0573f8e4fd7b364ad5e9b1eb35e41,""43"""
"0x6896f0d6426f27b7673ecfd755a506435cc99842,""26193"""
"0x68b50a7a8ec77288d1ac6a33dd3adb97b6d88910,""13863"""
"0x68bf2e40bb8384604a06c32d95e153e958947775,""13463"""
"0x68cb4f3ab08f14f716f32268f53ca53dfe2bd7cd,""103"""
"0x68d794fc6c6237e8f94d69fa3f18c72489748f45,""702"""
"0x68df1962f1186ff47940b9af2ce7cbe5784fb045,""1129"""
"0x68fc1c8248d83fc40ab44f269603755c5916eca9,""12503"""
"0x690f4148cff2ee784667d97a7edb89754338904f,""43"""
"0x693292abdd45ae8a8e63c9c0303205a4af820bb2,""263"""
"0x693a1d235f4b12d4d8f57afc6c6821c9d6d77dd5,""17363"""
"0x693c57d4faa05c3aa392964c875a0f1e68aa8148,""43"""
"0x6945202dcdf81c03df669aff889efa80d82b572b,""3429"""
"0x694613f51bccfb811087fd9bc2a0bcdc49ade947,""163"""
"0x694e93a2f9ad03621f6cb1720575ce013b36d0c0,""43"""
"0x694e9ede1e5fd7f59ea1837994d6484dc5018d2c,""163"""
"0x695a7e152be5e70024292f08e203bcf612d4885e,""1763"""
"0x695f4228e8b5e4f0754c7a95d843e1aac63c8a3e,""123"""
"0x69781227ea9e1935179c4e5e467139b72858729d,""884"""
"0x69837457562943bfa1bc8ec0a7d3b3105a5fa0d0,""943"""
"0x698583b8e11593144b05bd793bacb46f10fd78c0,""1283"""
"0x699e59723805ac9e48d3353493ca6872592a4eae,""66"""
"0x69a1b8ca7c1bb62ba53956d1e4023cdd468ea034,""17203"""
"0x69b0b83d7edcb3b3c3c0c17fdbf0ab888904259c,""163"""
"0x69b75a70e9ae2283720d215f8c57fc0f2a7d3b99,""4496"""
"0x69be36cdd3b5b7978919d4a0a046ea5a3d36973d,""15163"""
"0x69be3e38f3926a61d4bd5e2ef20a17be951f1061,""389"""
"0x69c2b9bae87a39e9767962c31faed9f2253cccea,""1052"""
"0x69dc4bcc4a5854a58029fd40f07bea874749ebf0,""63479"""
"0x6a04c812ce043dcf29ea5410998f0cac8643aa22,""11978"""
"0x6a0a87565b815c6e45915da955913f0c608beba3,""63"""
"0x6a1a50343eb086a62466771f5e8f6d1616267a7d,""980"""
"0x6a24892282a7cb24196b05102f1c8ab0925a4157,""223"""
"0x6a279c76095130c7276ad0199115a9bbb313637d,""829"""
"0x6a2d92d514ee219881e315e25ac27956f4915616,""43"""
"0x6a3052239e2acfc232daca53a3fdc7f563633fd6,""309"""
"0x6a35a064c764bea05a222ac8479d333c9e893198,""17983"""
"0x6a40c5b3af69e61e0c64150bbbae4c2126be8a2a,""13443"""
"0x6a425d32dffbf90790777036696feebd79bb81de,""43"""
"0x6a53137c6e8a67d6811c236e93d8adcc300c6c78,""43"""
"0x6a5cb2b4c302925efec1f4086ca7fc486eae9348,""43"""
"0x6a60009a732ae15de182df08c8b605526b6b948c,""63"""
"0x6a606b9299f995033929ba9941a3b743777c2df7,""183"""
"0x6a714c055d9a027c70b7389b886eddf29b576d50,""16499"""
"0x6a7a929d1e250e1e2686c0e9e37fabc95f330a2c,""143"""
"0x6a880cb2e9ca5c095b2e0968b6fe62d49ff73c3a,""183"""
"0x6a98a5dc1911c14866e4f18008365dc1d8c762a7,""762"""
"0x6a9a899430383960c1a89d5c383cde2560f4f729,""4105"""
"0x6a9e1e3b2ac26a719a76c6eb1db53095ac4692ff,""263"""
"0x6ab07635f84562033d6dc54881e5d32740294ab2,""43"""
"0x6ab9403fe8d8cfaee3d54d6b32743a2e3b13f252,""1873"""
"0x6abf43174f081a460ef4acf157c682e41a236d67,""283"""
"0x6ac63a8aebc4eaec2b6b27449cc83139904203fe,""12303"""
"0x6acd7913f494d7016eeb5521d19fff4d2e9d2d6e,""1052"""
"0x6acde47b426e70b2192c16791497fe318698eba8,""283"""
"0x6ad50251a49c5f1c5b9e1711823291c0a56d2040,""146"""
"0x6ae28770b8d7f9b41733dbf2bdc88267cf927a9b,""720"""
"0x6aed609e3ad4367dd9e55cf3e27da60a0b410af5,""14283"""
"0x6af685be0b566c72473bc273c150713ef393b86d,""43"""
"0x6b0aca93bf7710e0cddb7508c5bf4ce7f9a8f4c3,""348"""
"0x6b1477932db0681d9f90f4644344a5ac4cd765b2,""13563"""
"0x6b2637ab255276f2308ae4adbe939b760facacdd,""43"""
"0x6b2cb696badf57d5c108b7d0522bfe7ae20f4798,""66"""
"0x6b32d42d787aa3186947adf021f4c8b3c0ebcab3,""66"""
"0x6b3ad8a0a54a0fa6e31df18029ee1e7261054ccf,""263"""
"0x6b434720bf10cc0c2571a148ba20b1339a48878d,""673"""
"0x6b4509da9a317cf0faa5df8b9691aed4194cd8e2,""63"""
"0x6b5f9b51f4254b3c2258d2b0c099e078758afaee,""283"""
"0x6b61b0551deb86bb276eb5f01ad8de3efb472a66,""299104"""
"0x6b77ec43ca706ca6a727340e4b2ca49f34a33af9,""223"""
"0x6b7ee1dab992799d08d4363b6852230a97d2d163,""19523"""
"0x6b84f7fa84b06fabc493e90496480e39214fa2aa,""689"""
"0x6ba83e9e3f5149c33bfc104afac26cadc58ca3f0,""43"""
"0x6bbbe0f247ecdb1a4444d0aef3ad7af9fe71dde3,""19083"""
"0x6bbce0aa65a61ddb9550f0fb51d25ae3795c9147,""1060"""
"0x6bc5f930061c94297f5e8311a0e2596ac04d1154,""123"""
"0x6bc67dc8d2059ca9371c8de34874eb356f5c7c11,""3974"""
"0x6bc6a0933bdc0fb0f3ef302cec6aaffd2c49a29d,""43"""
"0x6bc7b5150fa7912f35d9b409637dacdf39fc6d7d,""66"""
"0x6bda84977287683ed247e73e9c995235ddc380ed,""17563"""
"0x6be2f4b8e6b288fc4aa2e6953bec1ec9966a009e,""63"""
"0x6c0bd9e9f6facee998bf56a695ad20471284f7d1,""43"""
"0x6c0d92d04ef37c815f81156e97208b9f34b832e2,""13763"""
"0x6c16bf991d3f56dcb7b9d431cb767e657d7b62bf,""66"""
"0x6c1c28ddbdcff9fe65345a0e2306d9841347d3d8,""13663"""
"0x6c1ddcecdf4f1b4250276674bbd87704a6e36f57,""43"""
"0x6c2c7849cd9c0831c53ffcf42881dbccc963f608,""183"""
0x6c5abe9d4cd6219eb62c45c02c35a776eab19a6f,NULL
"0x6c621d148fd3b1bc596f45a2421ec2bc2a80b759,""1143"""
"0x6c6831e1205252d241c97c786ac2a63414f77940,""43"""
"0x6c70163dd0d6b0a075a74029e02432832a2d47ae,""43"""
"0x6c73312eb51b018db9630e4f6e3be65a9a308abb,""7250"""
"0x6c875e430196217310785b9e594cccf267c53988,""163"""
"0x6c8e876a07bdcf646ad6a8e1790cc3c3c3531693,""16683"""
"0x6c9abdba5cb8be79c66f786d14690310cd715e90,""855"""
"0x6cb204478ccf56c6edc0af95dee97112a7bdf622,""1052"""
"0x6cbc28a378d08384b26f7d7479f4d921ca970d06,""1226"""
"0x6cbfe2d54429a99f3b6776fe012e2e988d85a698,""263"""
"0x6cc78e215c60ee2f725fea7d6c68afcca0049d9c,""7863"""
"0x6ccea83e9b01ae484425d6ed8ec18aa8430f04fd,""412"""
"0x6cde42fa91606fb8591f499dc705be0bd2ea75c5,""2816"""
"0x6cf2987146ca7aac93a0b7df318108ba175b775b,""1143"""
"0x6cf5eef10661e7a3ae94fc3f54c618174d3e43f3,""293"""
"0x6cf7693a42d979f9845145f6d940c9de394bd52e,""694"""
"0x6d0a6a1a9dac3c32bf7f8e04553673944848bc05,""283"""
"0x6d26c64616c4df96f796d2e4ff4c79bf45342b06,""359"""
"0x6d28da82e8f837fe5c264ac403de1cee02728123,""5599"""
"0x6d445faf1578df224d66910097ec4be534147159,""11843"""
"0x6d4980308ac4939e2b6f04fe3ad7fa0609d6ed5f,""172"""
"0x6d4996a09403da74bf86ecf60009dc44b9355c31,""223"""
"0x6d4aff274198a9df954a280d460a36956272310e,""20731"""
"0x6d4e8920e5579c6041a882e8697fb1a4a92fb04f,""1633"""
"0x6d52f17be43e0fa1bb2f7fec4244b5affb6965c9,""768"""
0x6d544132cd3394c8d55ee20eeb5a0252dfc60d94,NULL
"0x6d54b04dcfea0393b0a2db0fd2d8be3ca3da3469,""43"""
"0x6d6998c4acb846c5cfbe8c6d30bf96cc080cfa4b,""266"""
"0x6d6e9c8ed842d12afef36ab0d0446ee6439253bf,""43"""
"0x6d74b26bf7f61cd5f0d18c81c13956244b67b9d6,""2048"""
"0x6d7bc919f363586e8b5f560b16cdb4b357b7f229,""1059"""
"0x6d7c767f5bf93990cad73302c22af8ac9c8fab46,""283"""
"0x6d7dfa872c89d261932e7f0d00e4aff5983f1870,""26608"""
"0x6d7e295d99dfae2e3f883d7110ac2e7b0c22ff68,""43"""
"0x6d9b68a8ca1aafe14aedd8d089af30c3f11ebcf1,""241"""
"0x6d9f7531f329cacbb16625de10b6a73df99e73ee,""43"""
0x6da1844a82AB929c88a18bd8bc0D53ca232FE67A,NULL
"0x6da8240c595a20fc0a4cd206ef42cc42d3b09918,""1143"""
"0x6db0bbe42afb037eac663708459c90be14c90016,""43"""
"0x6dc09d46ba570139bc7f1bd7c2d6b89f58986c47,""1220"""
"0x6dc3e87b4b3c8dc966cb2e9e0d8ebe38d6c7cb94,""923"""
"0x6de796d191a40cc84082712535d80a6728287d87,""2938"""
"0x6deb600be65f749b6c18b5361bc06e963d600b54,""43"""
"0x6e0cad12bb3c7994f57278dde76077f7708ecc5f,""878"""
"0x6e0d77cafdd46b57ac745a41c86fbcdd9d8ba860,""43"""
"0x6e1c7487eb4b0fd3cf1646e705f243563a09dfb9,""1220"""
"0x6e29b66f6a1e46d93a060b75225ba835af671386,""1101"""
"0x6e367b7f0ddbcfbb0ecf0fbdafa417acb81b3c3f,""17658"""
"0x6e58b1dfc30f9e515bf2f5521566a5d228cb1d4b,""43"""
"0x6e5c2068e735bce37e7727b27d1a5554650de5c1,""43"""
"0x6e5d8ea650a6eb5c8f18b7352a7d9fcfa4ce3841,""226"""
"0x6e7c820b0d3c9d1d1cddc7263efc86e1aafce856,""246"""
"0x6e95a62b2a8ede840baf840fce07ca6230e9b428,""43"""
"0x6ea16f59a2ee1a52ea218d07a9a4f49135e9e350,""206"""
"0x6ea3a9f29078a5a4671ba1665de6de5ac7398528,""43"""
"0x6eb168ea1b69af2987e826ecc8ec29b0eee2c9dc,""3792"""
"0x6ebd528b30a20ac620392a2e7fc42265f50b7f51,""1989"""
"0x6ebf048c90a8080c4648fd00bbd97a01f5181729,""163"""
"0x6ec901368fa5aecfc9f1622d99046771b5eb4e0e,""15043"""
"0x6eeb092b23539eb58b1dd4a9c517a00eb665da4e,""493"""
"0x6eeb16fec504bb64c1126a1b4f9daf68fc66d60e,""616"""
"0x6ef2a32aa84a04af65b4505544ff516ec60fb2b2,""163"""
"0x6ef650c4a847d62c5bada72b7437b1a303bf1703,""43"""
"0x6efb896ed3a0d350d6c2734eb02cc20cde303afe,""13803"""
"0x6efd7076b46a48c3a302a79d325f361546a2992f,""740"""
"0x6f1791cb709d014690d23e6d96c92d63d8ba6357,""3232"""
"0x6f1c0009a2d2e7588c5aa2c844b6f33b77a8ac5d,""43"""
"0x6f2c6429c6ac3f9847616d9175cc4f82b99ca949,""43"""
"0x6f3ce0fd378cf863fdc67f156a488d784ff2cb3b,""874"""
"0x6f3d1b1dd648453c122c2d8b8650c855a057c533,""18023"""
"0x6f41c6ea7c866db514b85b9a68deedb55535ce33,""372"""
"0x6f50a107ade59b529ad2e65344c5392329846300,""106"""
"0x6f6cdcc4121f1f455c31de0736c14fc74f728e71,""223"""
"0x6f75c300031ca1395f87978af5341b7f4275e4c3,""5982"""
"0x6f77decc5d1dbda14dc7122d5930a9976676355c,""63"""
"0x6f7d4c0f01cb1a61abc8cb3a467b6e08e419cb4e,""1094"""
"0x6f862ce466098df899d47a14b07b2ae52073d115,""1060"""
"0x6fa8216ec31f5b6fc0650a2a59ded646db9a5be5,""163"""
"0x6fb5b4159931a70223e5bba1c35471f4263bb3d5,""17308"""
"0x6fb7fef4234bee8597952ce48be4c2b306b83b96,""4509"""
"0x6fbdf67fd3375cb295274b9125064cb712a03abe,""1403"""
"0x6fd46135859a16c8c446808bf4fefb18e0a41e7a,""2673"""
"0x701497941ca3b799e3da0cd248e0f885f928bb4a,""43"""
"0x701ce03eb5abe993e21b2d7d50613e9352ed511e,""63"""
"0x701f3c87c9ad2ce8c7ddf4ce2d98829e7ae665e9,""229"""
"0x7028cf3d843688e64183fcf2cd1696e907d02677,""653"""
"0x702b3c4235f3c88a0e0987cd2324c020aebb6fad,""811"""
"0x702ec23ef78005bd09231674c55433802d7848fd,""430"""
"0x704bc79ced19cb1ccdb790ab9d93e585a3c00bee,""726"""
"0x7054166f145ec739e9111d87fd29874eef360785,""553"""
"0x7054b83d372cc5172278701cc6a0e1dacb337edb,""43"""
"0x705d34b362766a06212511910973f5404e7df2e3,""223"""
"0x706526087b97aa5f3ae12ba5984c518640ce9ac8,""573"""
"0x706827b16d26960a41805cfed8c720596366bad9,""86"""
"0x706ed46d38c1fd7e800cd0ab8deb0698adff5f0b,""43"""
"0x70a5de82cbb9c5b2f65075d15cd5d56303e692cd,""43"""
"0x70c45dbd9418cc9bfb6a20f3096d3618ee085584,""2412"""
"0x70c65de9f9192234dbb5fa7611b389a27a521d50,""18683"""
"0x70d4cd603c1f916bb85afb9471debccca10b3570,""43"""
"0x70dced3fbe964589661af64716eca51b2340025a,""43"""
"0x70e33a648104f6db8f4f327dd6109bc8ce67479b,""66"""
"0x70f2529d0a0d4d886a84d34938e5926b11677895,""43"""
"0x7100f488b51a2f36e783f26b61617a32ec30e57e,""12692"""
"0x712294bf562680714d3e1cc7b33266a72da80ba7,""785"""
"0x7134193d9f4ae423c4f01813691d7cd7e220475b,""103"""
"0x715a987f85d1fc813c498cb34ebf189539898084,""2405"""
"0x7162070b8dbf4edbb2ea2ebddbbc61c0b42f847c,""26210"""
"0x716dd09cfa341c4e14a43c93a27a693fb513463c,""855"""
"0x717aceff1b1372e979c4dd4b69c7997bf70e30cc,""43"""
0x71b7651d0A6ED4c2E49A6F237884f558343b5AA5,NULL
"0x71c4f0f94f59155e21240c9d93727fe0939080a7,""183"""
"0x71c9dccc2ab49958fef2a7ce083e36e5a6ca2ff0,""739"""
"0x71d2835a8ff835f013914c3567f9a258cf776b12,""163"""
"0x71d365c95651f9ea997527edbf24fd5f27f8df96,""1587"""
"0x71d41be621bd5fe77f5ca508be16b0a28026353a,""263"""
0x71de3c018772a2bFf7F483480851A19Cf9bDEC8b,NULL
"0x720e06a142619e93703df45d929ce530c94436d1,""229"""
"0x7212767f8b58194307c5fb779f16e47c4ac94482,""43"""
"0x72290b148f975d3294518d05086c8962bcd26ea9,""43"""
"0x722c351eb3ec47a70830ebbd88df5bb535f81f60,""653"""
"0x724784da858a533476d9f9b8f4346370efdbaf70,""43"""
"0x7262566570cd8613a33cacfdd64a0171a2e32e3b,""923"""
"0x727850f8ce63cc8c9ea0b383418dfdb084d0b16a,""3229"""
"0x728263faea227fc7d362b78eac1b68033ee6cafa,""15443"""
"0x72a7f391888abf285aae7915017adf5e88c6f00d,""163"""
"0x72acbef9b2b0e12efcabf370551fd5a54939168d,""14423"""
"0x72cb6785c76ba358f19b56d07067050c5aa76162,""18483"""
"0x72cf97b0cb9709f282697bab417abf0988b8b64b,""1012"""
"0x72d4b4ef0e75980a2ec1b1ee52dca1297b8d91b3,""467"""
"0x72d54e7944ead43e4001efc3997432a53c13d8c3,""14623"""
"0x72e242df9f3c6ca31b12d280a80c2d192f316770,""628"""
"0x72f718bf81e4e688d768ab546a11d8856697303c,""16623"""
0x72F8d5Fe7f99870cF343398E65fc0A06A702D67B,NULL
"0x7302ac5db474d7dc81be688c6845d1491c749269,""1060"""
"0x731ebe768fd94f63a377718ff24c55c5326aa711,""43"""
"0x73525176d7c489fdb0031bad5fd300c62474aceb,""43"""
"0x73778f7a8c3bc81c4571e201fe903d8801cae9c9,""135"""
"0x737c766aa5802a39f75eb833c4eb5d0857bc88d2,""135"""
"0x7380bd206cb871efa73833e5929afad53b7d472b,""163"""
"0x7381ab3aa08d8d476132cec4a0705178ba048198,""163"""
"0x738835f42704ea63dd64da20a5acdd563d84c862,""252"""
"0x7390d699df1ee58d52cba0308ac9f4f00fb408c1,""63"""
"0x73a04e2864c5d7168129566313fe4bb5ab4ab331,""183"""
"0x73a6994d84232c6a0f49fa842dc2c5aae53c9baf,""590"""
"0x73af87a3b7932d166237c8baab2b7bacb2f5fe7f,""43"""
"0x73b67ec1c8170996fd6d71bb68bab1fea4d1ea0f,""103"""
"0x73b6e6b7697c61cf22f282fe49bc145cb91678bf,""292"""
"0x73d085210db361cafe152153916bd74c97540363,""163"""
"0x73d18f54d5919495769e42cb1d99ca9e74e309dc,""699"""
"0x73d28991afdfad068acf57905bae3ac23f52126e,""20"""
"0x73d7302c00604c94c0de4c70b06aa7cffcc3c8f4,""676"""
"0x73f31e195010b8ead465190c4b06b3a1e538c513,""814"""
"0x7404247c22877c0290805870237a3f47383da428,""43"""
"0x740e77a93accac3d399ba645de91af6644f042c0,""745"""
"0x7413f0df1223586f14fd081ea25ee171730e052c,""243"""
"0x74159dcb2370fc7317cb37eb08c839a65a3c543c,""283"""
"0x741b40974d68aad4b96753e90ae1766c586ab95d,""1206"""
"0x7423c0e1ad05f11128839edc9789047dcd739391,""169"""
"0x74288b17e2661f87654a1c830eaf8cdde4febeb1,""777"""
"0x742ab8d0f7982d8299ac0925ece6dfe418d93620,""43"""
"0x74317281b038fb339142cf07e9f8e5c18af8ff98,""15843"""
"0x74337a95d0ae7587dd635df18b656c185878a4c4,""864"""
"0x7441e5efc61f67fc4f59798015752b11601042ad,""510"""
"0x7446442beb47a362a3dbf691bd7a4702f90fa832,""763"""
"0x7457324ca8417770bd919a0fd63b8c92f48c5774,""229"""
"0x74588a493ac85e217da78e98a6f64d8bdabdee41,""263"""
"0x745a1cf96c35fc56cefdebb24f7a12c682c203c6,""63"""
"0x745b70e5dab97b64d0037da2f5a1a18568847de1,""742"""
"0x7469cb9d515edb4ab29090eb9d82e83633130910,""43"""
"0x7469e07892c584d0c48ee9aa39757addce4c7d81,""1558"""
"0x7476281cb7b66b8245753d86680d6b9c4e3d55f1,""19483"""
"0x74797a5792fa879733aa2d4ac4ef5849f463752f,""17403"""
"0x747a4fa478cbe09ad415b99ff40742247c17194f,""43"""
"0x748232ba1bffbb48ef93d004c7bb6112bd295540,""17023"""
"0x7489230de859b4844616b0aed1256fdea8e4b5be,""1172"""
"0x748ea2f13b373e75497d1bba251efb8389cdff82,""1361"""
"0x748ed81b7acf2b2b175ad75b5f17e0b0f0bcd7ff,""719"""
"0x7491756f1ff36ec9de04546110b5d8c4d5a37464,""16843"""
"0x749688aef7a34be3c5bc0ffb64ae2309ba40b1b3,""316"""
"0x74a6796f315e74489957314f21546b41e3ce4adb,""587"""
"0x74aa5672cee01de038b6ae5b3a4ae77b699e39ed,""13843"""
"0x74ab02c5a1249ecb3607f82c39837bba06b6788c,""283"""
"0x74bbff3a7d2f9bfa7ed2e8304abea5d80e50cb54,""9821"""
"0x74d79cd8c697ce7dbd526a5447235caab64e1041,""283"""
"0x74d9434971e8a6e08365aca941f26aa1294439a1,""943"""
"0x74df9507306742c75c53ca50662b5855504536e8,""143"""
"0x74eb6afc7495169b3edb01415033c894b82d79dc,""15083"""
"0x74eb984bbbcb3429938c67218d218874e0eb00ad,""283"""
"0x74f7a8550732556cbe695e7dcf3cbbc78cc39b49,""103"""
"0x74f7b6c5313e258ba0703808e0261fed299759f8,""412"""
"0x74f8988217718a4d6171cff78357bd80b17933df,""283"""
"0x74fa95a748bc17819584acbd38286dea162f2dba,""1081"""
"0x74fe81b14ab26e3445db02a3b42b4a9b4b38b492,""43"""
"0x75087503e4504495765d68778290c16d37853cda,""43"""
"0x7508a0fbcc95b4b867cfba5e2bd64a4dde84f1b1,""163"""
"0x753029fae3e8af455bc7d4c3e67cc06c489772b8,""1206"""
"0x753e2cecc3d2990a89aa58a0870a89cc05ab1ed6,""2423"""
"0x7573ff22d00d63c3dba4cb17e2b6cf13188b5b0d,""263"""
"0x757e63e1377437aeff18f9f0e089bdc834dfbaaf,""862"""
0x757f4FDb0B5CDbB7183A8F5F3B40064A49ff00cB,NULL
"0x7596653c202d6bea2e4c40c404b1535b3850098b,""163"""
"0x75996dc2857485504fa780cf54b5d430786e6e54,""545"""
"0x759e7f053d1c39b8063020fb853b75b741c06668,""263"""
"0x759eb565efa2631f84a114a7f662349832e77f67,""278"""
"0x75aa11c9588f714bcef72425cd455138ae21641e,""5320"""
"0x75af8beb052f41503dbdecdb68d744327a7eb1ca,""1361"""
"0x75b0a22ea55be778b218567273efc6c661adcd92,""1166"""
"0x75baf044eae1db553855a1005f365c64615e7f9c,""263"""
"0x75bb73a75eecc43ffeaa3b48733292437c405f25,""43"""
"0x75c3cfdcf072dd214be58ccce8d7c3708110b275,""183"""
"0x75d96ebb31e90962351d098171f1999188f7de61,""13823"""
"0x75db2f0d28bff70b335c3609c63ef978358d8fd6,""163"""
"0x75e17f5fa79ebd90349fe7fec4cdb3302fef862a,""43"""
"0x75efb6284b671bfe9ac8ed9322d64ec57ffbb5b5,""13183"""
"0x76081c58b9e1e6d0f4bf45f387a1f2f2aa835dc7,""15118"""
"0x7610b21382336f6fd4d786e79cae0a71f43dd6d8,""263"""
"0x7617eb9bb005a2e055d62f45fbc22414286e159c,""626"""
"0x7623924a7196a2af8637fece523b35a5276ecbee,""43"""
"0x763182883eb3b660612c0fe2a10df218a681f0ba,""768"""
"0x763351f45b5d994e0b43b4c244d6fe655ca7ce3e,""266"""
"0x7653ea3e22e2c3d0150954e0f3d49b96f6c8750b,""43"""
"0x76673495551a89ccfa887c41499f3f5e639b0a34,""43"""
"0x7667913d788ac990f9b5aaaaac1f3377f97ab89d,""206"""
"0x766eb5c3252ef8e51942c3c40353ed068211bb03,""43"""
"0x7679421e152005b924d27373d35e208a561ecf0c,""123"""
"0x767be88f3c705f4ed94dc4564c58daa1d37cca0f,""2282"""
"0x7685d92bfbf00fe0729a88ddb2010730817b156c,""966"""
"0x768e703d50b5f0b146e86d3b3b87ae20a75fd805,""43"""
0x76a91368a38c7c01d8f17a637d7b2f8bfd28ac1a,NULL
"0x76b0ba45c375a83638368ab11c4d38373992800c,""12103"""
"0x76d3ee1fcdca9f41d167d63fab982aa047bfd67a,""16463"""
"0x76d843bcd450a16c373502cff93128f10e5884e7,""109"""
"0x76deb67d8da8d792522d4784faf3cdbbf10f93ca,""748"""
"0x76f02cd6b268b7560b10f9d6a24d2a22bdd685e2,""656"""
"0x76f044f26275ab6fe3ab91129cc9ce7426512282,""27165"""
